{
  "a0_ataque": 219.78681506849364,
  "b0_ataque": 115.93150684931531,
  "a0_defensa": 11.70878998815165,
  "b0_defensa": 11.129146919431273,
  "mu_global": 1.8958333333333335,
  "gol_max": 7,
  "n_equipos_base": 32,
  "fuente": "resultados_reales.csv (fase de grupos, 32 clasificados a dieciseisavos)",
  "calculado_en": "2026-06-28T18:50:02.812877+00:00"
}